,items
1,Bread
2,Scandinavian,Scandinavian
3,Hot chocolate,Jam,Cookies
4,Muffin
5,Coffee,Pastry,Bread
6,Medialuna,Pastry,Muffin
7,Medialuna,Pastry,Coffee,Tea
8,Pastry,Bread
9,Bread,Muffin
10,Scandinavian,Medialuna
11,Bread,Medialuna,Bread
12,Jam,Coffee,Tartine,Pastry,Tea
13,Basket,Bread,Coffee
14,Bread,Medialuna,Pastry
15,Mineral water,Scandinavian
16,Bread,Medialuna,Coffee
17,Hot chocolate
18,Farm House
19,Farm House,Bread
20,Bread,Medialuna
21,Coffee,Coffee,Medialuna,Bread
22,Jam
23,Scandinavian,Muffin
24,Bread
25,Scandinavian
26,Fudge
27,Scandinavian
28,Coffee,Bread
29,Bread,Jam
30,Bread
31,Basket
32,Scandinavian,Muffin
33,Coffee
34,Coffee,Muffin
35,Muffin,Scandinavian
36,Tea,Bread
37,Coffee,Bread
38,Bread,Tea
39,Scandinavian
40,Juice,Tartine,Coffee,Muffin
41,Scandinavian
42,Bread,Tea
43,Bread,Scandinavian,Fudge,Granola,Pastry,Coffee
44,Bread,Fudge
45,Hot chocolate,Coffee,Medialuna,Medialuna
46,Bread
47,Bread,Medialuna
48,Bread,Coffee,Medialuna,Jam
49,Jam,Coffee,Brownie
50,Bread,Coffee,Jam
51,Scandinavian
52,Coffee,Cookies
53,Coffee,Coffee,Scandinavian
54,Bread
55,Bread
56,Jam,Brownie,Coffee,Coffee
57,Coffee
58,Brownie,Hot chocolate
59,Bread
60,Bread,Bread,Medialuna
61,Coffee,Hot chocolate,Brownie
62,Scandinavian
63,Basket,Bread
64,Coffee,Bread,Brownie
65,Cake,Fudge
66,Coffee,Hot chocolate,Coffee,Basket
67,Scandinavian
68,Scandinavian
69,Coffee,Bread,Coffee,Cake,Medialuna
70,Coffee,Coffee,Medialuna
71,Bread,Pastry
72,Bread,Brownie
73,Medialuna,Farm House
74,Bread,Medialuna
75,Brownie,Medialuna,Hot chocolate,Smoothies,Coffee
76,Bread,Tea,Coffee,Brownie,Medialuna
77,Medialuna,Medialuna,Cookies
78,Coffee,Medialuna
79,Bread,Fudge
80,Coffee,Tea
81,Coffee,Cookies
82,Pastry,Bread,Brownie
83,Bread,Coffee,Bread
84,Coffee,Coffee,Tea
85,Bread
86,Medialuna,Coffee
87,My-5 Fruit Shoot,Coffee,Brownie
88,Coffee,Fudge
89,Coffee
90,Coffee,Basket
91,Farm House
92,Farm House
93,Coffee,Brownie
94,Scandinavian,Brownie,My-5 Fruit Shoot
95,Tartine,Coffee,Hot chocolate,Brownie
96,Brownie,Bread,Hot chocolate
97,Jam,Fudge
98,Coffee
99,Fudge
100,Mighty Protein,Hearty & Seasonal,Coffee,Tea,Cake
101,Coffee
102,Scandinavian
103,Cake,Victorian Sponge,Scandinavian
104,Tea,Cake
105,Coffee,Coffee
106,Bread
107,Coffee,Pastry,Bread
108,Coffee,Mineral water
109,Pastry,Bread,Hot chocolate
110,Bread
111,Bread
112,Jam,Coffee,Coffee,Bread
113,Coffee,Coffee,Pastry
114,Medialuna,Coffee,Coffee,Focaccia,Hearty & Seasonal
115,Bread,Farm House,Coffee,Jam
116,Farm House
117,Coffee,Tea,Pastry,Medialuna
118,Pastry,Medialuna,Coffee
119,Coffee,Hot chocolate,Basket,Farm House
120,Pastry,Farm House
121,Hot chocolate,Coffee,My-5 Fruit Shoot
122,Pastry,Medialuna,Muffin
123,Farm House
124,Muffin,Pastry,Focaccia
125,Coffee,Tea
126,Bread
127,Focaccia
128,Coffee,Hot chocolate,Pastry,Jam
129,Bread
130,Coffee,Pastry,Bread
131,Tea
132,Hot chocolate,Coffee,Mineral water
133,Coffee,Coffee
134,Coffee
135,Jam,Coffee,Coffee
136,Muffin
137,Bread
138,Bread
139,Bread
140,Muffin,Hot chocolate,Coffee
141,Muffin,Fudge
142,Bread
143,Medialuna,Coffee
144,Bread
145,Bread,Pastry,Medialuna,Coffee
146,Pastry,Bread
147,Coffee,Coffee,Hot chocolate,Bread,Pastry,Medialuna
148,Coffee
149,Jam,Bread
150,Medialuna
151,Medialuna,Medialuna,Bread
152,Coffee
153,Coffee
154,Bread
155,Coffee,Muffin
156,Medialuna,Bread
157,Bread
158,Bread,Medialuna
159,Coffee,Pastry,Brownie
160,Medialuna,Scandinavian
161,Bread
162,Coffee,Muffin
163,Bread
164,Coffee
165,Medialuna,Muffin
166,Bread
167,Coffee
168,Alfajores,Bread,Scandinavian
169,Coffee
170,Bread
171,Medialuna
172,Coffee,Scandinavian
173,Coffee,Tea,Brownie,Truffles,Muffin
174,Tartine,Coffee
175,Coffee,Coffee
176,Alfajores,Scandinavian
177,Coffee,Medialuna,Hot chocolate
178,Coffee,Muffin,Alfajores
179,Farm House,Coffee,Coffee,Muffin,Brownie
180,Bread,Coffee,Medialuna,Farm House
181,Farm House,Scandinavian
182,Truffles,Bread,Coffee
183,Tartine,Coffee,Tea
184,Coffee
185,Coffee,Tea
186,Medialuna,Coffee
187,Medialuna,Bread,Coffee,Pastry,Farm House
188,Bread,Pastry,Bread
189,Medialuna,Coffee,Bread
190,Pastry
191,Bread
192,Medialuna,Pastry,Bread
193,Coffee,Keeping It Local
194,Bread,Farm House,Jam,Pastry
195,Bread
196,Coffee,Medialuna
197,Coffee
198,Tea,Bread
199,Bread,Pastry
200,Hearty & Seasonal
201,Scandinavian
202,Coffee,Hot chocolate,Pastry
203,Bread,Muffin
204,Coffee,Keeping It Local
205,Bread,Coffee,Medialuna
206,Coffee,Pastry,Bread
207,Medialuna
208,Brownie
209,Muffin
210,Hearty & Seasonal
211,Coffee,Bread
212,Coffee,Alfajores
213,Coffee,Coffee,Keeping It Local,Bread
214,Bread
215,Coffee
216,Coffee,Coffee,Hot chocolate,Medialuna
217,Brownie,Bread
218,Bread
219,Sandwich,Coffee,Coffee
220,Bread,Bread,Brownie
221,Pastry,Bread
222,Pastry,Coffee
223,Coffee
224,Bread
225,Bread
226,Coffee,Keeping It Local,Tea
227,Bread,Pastry,Medialuna
228,Farm House,Medialuna,Coffee
229,Coffee,Pastry
230,Coffee
231,Coffee
232,Coffee,Keeping It Local,Medialuna
233,Pastry,Bread,Coffee
234,Farm House
235,Bread,Bread
236,Bread,Bread,Tea,Keeping It Local
237,Bread,Medialuna,Keeping It Local,Coffee
238,Bread,Coffee,Medialuna,Bread
239,Coffee
240,Bread
241,Medialuna,Pastry,Bread
242,Bread,Pastry
243,Medialuna,Coffee
244,Bread
245,Bread
246,Coffee,Coffee
247,Focaccia
248,Coffee
249,Hot chocolate,Pastry
250,Coffee,Hot chocolate
251,Bread
252,Bread,Coffee
253,Pastry,Scandinavian,Muffin
254,Focaccia,Bread
255,Bread
256,Muffin
257,Caramel bites,Coffee,Medialuna
258,Tartine,Tea,Muffin
259,Bread
260,Bread,Focaccia,Tea,Coffee
261,Jam
262,Focaccia
263,Coffee,Medialuna,Muffin
264,Bread,Coffee
265,Coffee,Muffin
266,Coffee
267,Coffee
268,Bread
269,Coffee,Coffee
270,Coffee,Coffee
271,Coffee,Coffee
272,Coffee
273,Tea
274,Fudge
275,Medialuna,Bread,Tea,Coffee,Coffee,Ella's Kitchen Pouches
276,Coffee,Coffee
277,Bread
278,Hot chocolate,Coffee,Cake
279,Coffee,Bread
280,Scandinavian,Pastry,Juice
281,Bread,Coffee
282,Bread
283,Farm House,Pastry,Pastry,Medialuna
284,Alfajores,Alfajores,Coffee,Coffee
285,Bread
286,Keeping It Local,Coffee,Coffee
287,Scandinavian,Pastry,Hot chocolate,Coffee,Bread
288,Bread
289,Bread,Coffee
290,Pastry,Coffee
291,Smoothies,Keeping It Local,Coffee
292,Coffee,Coffee
293,Pastry,Medialuna
294,Tea,Cake
295,Cake,Mineral water
296,Farm House,Cake,Medialuna,Tea,Coffee
297,Hot chocolate,Coffee,Bread
298,Bread
299,Alfajores,Cake,Coffee,Sandwich,Sandwich,My-5 Fruit Shoot
300,Farm House
301,Jam
302,Bread
303,Coffee
304,Bread,Coffee,Bread
305,Bread
306,Bread,Coffee,Medialuna
307,Bread
308,Bread
309,Pastry
310,Bread
311,Farm House
312,Medialuna,Scandinavian,Coffee
313,Coffee
314,Coffee
315,Bread,Medialuna
316,Cake
317,Muffin,Coffee
318,Bread
319,Scandinavian
320,Muffin
321,Scandinavian
322,Coffee
323,Bread
324,Bread
325,Coffee,Medialuna
326,Bread
327,Medialuna,Bread,Tea,Coffee
328,Bread
329,Cake,Muffin,Muffin,Jam
330,Bread,Pastry
331,Coffee
332,Coffee
333,Scandinavian
334,Scandinavian
335,Pastry,Medialuna,Coffee
336,Medialuna,Pastry,Bread,Coffee
337,Medialuna,Bread
338,Coffee,Tea,Pastry
339,Coffee
340,Juice
341,Coffee,Coffee
342,Muffin,Cake,Pastry,Tea,Coffee,Coffee
343,Hot chocolate
344,Muffin
345,Tartine,Juice,Bread,Coffee
346,Coffee,Fudge
347,Coffee,The Nomad,Bread
348,Coffee
349,Coffee,Jammie Dodgers,Juice
350,Medialuna
351,Coffee,Tea,Juice,Smoothies,Jammie Dodgers,Muffin,Juice,Bakewell
352,Cake,Pastry
353,Coffee,Brownie
354,Juice,Jammie Dodgers
355,Coffee
356,Coffee,Bakewell
357,Bread,Tea,Pastry
358,Bread,Coffee,Bread,Hot chocolate
359,Pastry,Coffee,Hot chocolate
360,Bread,Bread,Coffee
361,Alfajores,Pastry
362,Bread
363,Coffee,Hot chocolate,Muffin
364,Bread,Coffee,Coffee,Smoothies,Pastry
365,Brownie,Hot chocolate,Coffee
366,Tartine,Hearty & Seasonal
367,Fudge
368,Bread
369,Coffee
370,Coffee,Keeping It Local
371,Coffee,Tea,Medialuna
372,Medialuna,Jammie Dodgers,Tea,Hot chocolate,Muffin
373,Coffee
374,Coffee,Keeping It Local
375,Coffee,Medialuna,Coffee
376,Bread,Hot chocolate,Medialuna
377,Bread
378,Bread
379,Muffin,Muffin,Brownie,Alfajores,Hot chocolate,Coffee,Coffee
380,Pastry
381,Brownie,Coffee
382,Jam,Bread,Scandinavian
383,Bread,Bread,Scandinavian
384,Coffee,Medialuna
385,Pastry,Bread
386,Bread
387,Farm House
388,Scone,Hot chocolate,Coffee,Coffee
389,Farm House,Pastry,Medialuna,Hot chocolate,Coffee
390,Bread
391,Bread,Bread,Coffee
392,Coffee,Scandinavian
393,Bread
394,Coffee,Medialuna,Pastry
395,Bread,Scandinavian
396,Coffee,Scone
397,Coffee
398,Bread
399,Bread,Pastry
400,Coffee,Bread
401,Bread
402,Bread
403,Coffee
404,Coffee,Scone
405,Cake
406,Coffee
407,Bread,Fudge
408,Medialuna,Bread,Farm House
409,Muffin,Scone
410,Coffee
411,Coffee,Alfajores,Scone
412,Coffee
413,Tea,Scone
414,Juice,Tea,Cake
415,Coffee,Tartine,Fudge,Jam
416,Bread
417,Coffee,Medialuna
418,Tea,Bread,Bread
419,Coke
420,Coffee,Medialuna
421,Bread
422,Coffee,Medialuna
423,Bread
424,Pastry,Bread
425,Bread,Toast
426,Bread,Medialuna,Toast
427,Coffee,Scone,Pastry
428,Coffee,Tea,Muffin,Muffin
429,Coffee,Toast
430,Coffee,Coffee,Medialuna,Pastry
431,Bread,Ella's Kitchen Pouches
432,Coffee,Toast
433,Bread,Medialuna
434,Hot chocolate,Tea
435,Bread,Muffin
436,Coffee,Bread,Coffee
437,Farm House
438,Coffee,Coffee
439,Bread,Scone,Juice
440,Coffee
441,Bread
442,Bread
443,Coffee,Coffee,Toast,Pastry
444,Bread,Focaccia
445,Scone
446,Focaccia
447,Scandinavian
448,Coffee,Tea
449,Coffee,Coffee,Farm House
450,Focaccia,Pastry
451,Coffee,Pastry,Medialuna
452,Sandwich,Bread
453,Bread,Coffee,Medialuna,Medialuna,Jam
454,Sandwich,Tea,Coffee
455,Coffee,Farm House
456,Bread
457,Bread,Coffee
458,Coffee,Coffee,Toast,Scandinavian
459,Farm House,Bread,Medialuna
460,Bread
461,Cake
462,Pastry,Coffee,Brownie
463,Bread
464,Coffee,Tea,Scone
465,Coffee,Coffee
466,Bread,Tea
467,Coffee,Scone
468,Farm House,Scandinavian
469,Vegan mincepie,Cake
470,Tea,Coffee
471,Bread
472,Coffee
473,Scandinavian
474,Bread
475,Bread
476,Coffee,Medialuna
477,Bread,Farm House
478,Bread
479,Coffee,Pastry
480,Bread,Coffee
481,Medialuna,Coffee
482,Scone,Bread
483,Coffee,Coke
484,Coffee
485,Truffles
486,Bread
487,Mineral water
488,Hot chocolate,Coffee,Bread,Toast,Medialuna,Alfajores,Fudge
489,Jam
490,Medialuna,Bakewell,Coffee,Bread,Toast
491,Coffee
492,Bread
493,Coffee,Coffee,Bakewell,Medialuna
494,Coffee,Coffee,Bread
495,Farm House
496,Bread
497,Medialuna,Scone,Coffee,Coffee
498,Bread
499,Farm House,Medialuna,Pastry
500,Bread
501,Bread
502,Coffee,Pastry
503,Bread
504,Bread,Bread,Pastry
505,Medialuna,Fudge
506,Bread
507,Coffee,Scone,Juice
508,Coffee
509,Tea,Scone,Lemon and coconut
510,Jam,Cookies,Fudge
511,Bread
512,Scandinavian
513,Coffee,Cookies,Juice
514,Hot chocolate,Coffee,Bread,Bread,Vegan mincepie
515,Jam
516,Bread
517,Coffee,Coffee
518,Dulce de Leche,Scandinavian,Alfajores
519,Coffee,Bread,Pastry,Medialuna,Farm House
520,Hot chocolate,Scone
521,Fudge,Jam,Bread,Farm House
522,Coffee,The Nomad
523,Vegan mincepie
524,Bread
525,Bread
526,Bread,Scone
527,Cake
528,Bread
529,Vegan mincepie,Cake,Coffee,Coffee,Coffee
530,Coffee,Coffee,Medialuna
531,Bread
532,Medialuna
533,Coffee
534,Coffee,Bread
535,Coffee
536,Bread
537,Coffee,Cookies,Bread,Toast
538,Coffee,Brownie,Medialuna
539,Hot chocolate,Coffee,Brownie
540,Tea,Hot chocolate
541,Tea,Scone,Bread
542,Medialuna,Coffee,Coffee
543,Bread,Coffee,Hot chocolate,Coffee,Pastry,Scone
544,Muesli,The Nomad,Coffee,Bread
545,Bread
546,Fudge
547,Bread
548,Coffee,Coffee
549,Bread,Panatone
550,Bread
551,Coffee,Gingerbread syrup
552,Bread
553,Coffee,Medialuna
554,Bread
555,Bread
556,Coffee,Coffee,Toast
557,Cake,Pastry,Bread,Bread
558,Coffee,Juice,Cookies
559,Coffee,Pastry,Medialuna
560,Bread
561,Bread
562,Bread,Focaccia,Farm House
563,Bread
564,Bread,Medialuna,Pastry
565,Coffee,Coffee,Scone,Coffee
566,Hot chocolate,Tea,Pastry,Scone
567,Cake
568,Coffee,Hot chocolate,Crisps
569,Coffee,Hot chocolate
570,Bread,Hot chocolate,Pastry
571,Scone,Frittata
572,Bread
573,Pastry
574,Hot chocolate
575,Bread
576,Coffee
577,Bread
578,Bread,Toast
579,Tea,Coke,Juice
580,Coffee,Hot chocolate,Sandwich
581,Farm House
582,Hot chocolate,Coffee,Coffee,Tea,Cake,Cake,Medialuna,Pastry,Farm House
583,Coffee
584,Pastry,Fudge,Jam,Jam
585,Bread,Farm House,Coke
586,Hot chocolate,Coffee,Pastry
587,Focaccia,Medialuna
588,Coffee
589,Coffee,Coffee,Cake
590,Art Tray,Toast,Sandwich,Hot chocolate,Hot chocolate,Juice
591,Scone
592,Bread
593,Bread
594,Bread,Coffee
595,Bread,Jammie Dodgers,Hot chocolate,Bread,Bread
596,Bread,Bread
597,Coffee
598,Pastry
599,Tea
600,Bread,Coffee,Coffee,Cookies
601,Bread
602,Coffee,Vegan mincepie
603,Tea
604,Coffee
605,Bread,Medialuna
606,Farm House
607,Coffee,Hot chocolate,Vegan mincepie,Jammie Dodgers
608,Coffee,Coffee
609,Coffee
610,Bread,Medialuna
611,Bread
612,Bread
613,Pastry
614,Bread,Medialuna
615,Coffee,Coffee
616,Bread
617,Coffee,Hot chocolate
618,Bread,Bread
619,Medialuna,Medialuna
620,Coffee
621,Bread
622,Pastry,Bread
623,Coffee,Medialuna
624,Tea,Cake
625,Coffee,Bread
626,Coffee,Medialuna,Bread
627,Coffee
628,Bread
629,Coffee,Scone
630,Pastry
631,Coffee,Pastry
632,Coffee,Coffee,Toast,Scone
633,Coffee,Coffee
634,Scandinavian
635,Coffee
636,Coffee,Coffee,Pastry,Bread
637,Bread
638,Coffee,Coffee
639,Sandwich,Bread,Hot chocolate,Bread
640,Coffee,Coffee,Pastry
641,Bread
642,Bread,Bread
643,Coffee
644,Scandinavian
645,Cake
646,Scandinavian,Bread
647,Coffee,Bread
648,Bread,Pastry
649,Medialuna,Coffee
650,Medialuna,Pastry
651,Bread
652,Bread,Coffee,Medialuna
653,Bread
654,Coffee,Tiffin
655,Bread
656,Bread
657,Bread,Coffee,Medialuna
658,Bread
659,Coffee,Coffee,Toast
660,Coffee
661,Scandinavian,Bread
662,Tea,Cookies,Tiffin,Brownie,Coffee
663,Tiffin
664,Coffee
665,Coffee,Toast,Tiffin,Farm House
666,Hot chocolate,Bread,Medialuna,Toast
667,Hot chocolate,Bread,Medialuna,Toast
668,Hot chocolate,Bread,Medialuna,Toast
669,Alfajores,Scone
670,Coffee,Cookies
671,Coffee
672,Brownie,Pastry,Bread
673,Bread
674,Pastry,Bread
675,Coffee
676,Coffee,Hot chocolate,Hearty & Seasonal,Bread
677,Coffee
678,Bread
679,Cake
680,Coffee,Coffee,Cookies,Scone
681,Coffee,Coffee,Medialuna,Cake,Tiffin
682,Coffee,Medialuna,Medialuna,Medialuna
683,Tea,Truffles,Medialuna
684,Pastry,Coffee
685,Coffee,Coffee,Hot chocolate
686,Scandinavian
687,Coffee,Coffee,Tea,Scone
688,Coffee
689,Hot chocolate,Coffee,Bread,Scone,Cookies,Hearty & Seasonal
690,Coffee,Cake
691,Medialuna
692,Cake,Bread,Jammie Dodgers
693,Bread
694,Coffee,The Nomad
695,The Nomad,Tea,Bread,Tiffin
696,Coffee,Bread
697,Coffee
698,Bread,Coffee,Brioche and salami
699,Coffee,Coffee,Granola,Bread
700,Coffee,Coffee,Juice,Cake,Scone
701,Coffee,Bread
702,Bread,Bread
703,Bread
704,Bread,Farm House
705,Medialuna,Pastry,Coffee,Coffee,Bread
706,Bread
707,Coffee,Medialuna
708,Coffee,Pastry
709,Coffee,Medialuna,Pastry
710,Coffee
711,Cake
712,Medialuna
713,Coffee
714,Farm House
715,Bread,Brownie
716,Brownie,Coffee
717,Scandinavian,Bread,Alfajores
718,Bread
719,Medialuna,Bread
720,Bread,Pastry
721,Coffee
722,Scone,Tea,Juice,Medialuna
723,Tiffin,Coffee
724,Coffee,Cake
725,Bread,Scone
726,Medialuna,Coffee
727,Coffee
728,Spanish Brunch,Tea,Alfajores
729,Cake
730,Coffee,Coffee,Toast,Tiffin
731,Brownie
732,Pastry
733,Afternoon with the baker
734,Farm House
735,Coffee,Coffee,Coke,Juice,Cake
736,Bread,Tiffin,Cookies
737,Scone,Cake,Coffee
738,Coffee
739,Coffee,Coffee,Alfajores,Tiffin,Brownie,Bread
740,Coffee,Medialuna,Cake
741,Granola,Coffee
742,Cake,Hot chocolate
743,Tea,Scone,Tiffin
744,Bread
745,Bread
746,Scone,Cookies,Coffee,Juice
747,Coffee,Coffee,Brownie,Scone
748,Coffee
749,Tea,Raspberry shortbread sandwich
750,Afternoon with the baker
751,Hot chocolate,Coffee,Tea,Alfajores,Pastry,Tiffin
752,Coffee,Medialuna
753,Toast,Coffee
754,Coffee
755,Coffee,Coffee,Toast
756,Coffee
757,Bread,Coffee,Bread
758,Bread,Eggs
759,Bread
760,Bread,Bread,Coffee,Scone,Frittata
761,Medialuna
762,Bread
763,Coffee,Bread,Bread
764,Coffee,Coffee,Toast
765,Medialuna
766,Scone
767,Tea,Coffee,Toast,Bread
768,Bread,Alfajores
769,Coffee,Cake
770,Coffee,Cake,Bread
771,Bread,Coffee,Tea
772,Hot chocolate,Cake,Bread
773,Tea
774,Pastry,Medialuna,Coffee,Juice,Farm House,Brownie
775,Bread
776,Coffee,Bread,Pastry,Alfajores
777,Scone
778,Scone,Pastry
779,Pastry,Coffee,Coffee
780,Bread,Eggs
781,Coffee,Toast
782,Tea
783,Bread,Baguette
784,Farm House
785,Bread,Medialuna
786,Farm House,Baguette
787,The Nomad,Tea,Coffee
788,Coffee,Bakewell,Pastry,Juice,Hot chocolate
789,Baguette,Coffee,Bakewell
790,Bread
791,Coffee
792,Coffee,Coffee,Coffee,Pastry
793,Coffee,Coffee,Hot chocolate,Muffin
794,Scandinavian
795,Toast,Tea,Coffee
796,Bread
797,Bread
798,Bread,Medialuna
799,Coffee,Tea
800,Coffee,Cookies
801,Frittata,Pastry,Vegan mincepie
802,Bread
803,Coffee,Muffin
804,Medialuna
805,Cake
806,Coffee,Brownie,Bread,Frittata,Juice,Smoothies,Scone
807,Bread,Coffee,Bakewell
808,Coffee,Coffee
809,Bread,Focaccia
810,The Nomad,Tea,Coffee
811,Bread
812,Bread,Baguette
813,Bread
814,Tea
815,Coffee,Coffee,Medialuna
816,Juice
817,Coffee,Hot chocolate,Brownie
818,Coffee,Coffee,Medialuna
819,Coffee
820,Brownie,Bread
821,Coffee,Scone
822,Tea,Hot chocolate,Scone
823,Salad,Extra Salami or Feta,Sandwich,Coffee
824,Cake,Jam
825,Hot chocolate,Bread,Brownie,Scone
826,Bakewell,Cake,Bread
827,Coffee,Bread,Muffin,Cake
828,Scone,Hot chocolate
829,Bread,Jam,Scone
830,Bread,Pastry
831,Baguette,Brownie
832,Bread
833,Cookies,Coffee,Pastry,Cookies
834,Coffee
835,Coffee,Hot chocolate,Bread
836,Coffee
837,Coffee,Pastry,Coffee
838,Tea
839,Coffee
840,Pastry,Muffin
841,Coffee,Tea,Soup
842,Cookies,Brownie
843,Baguette
844,Baguette
845,Farm House
846,Coffee
847,Coffee,Coffee,Medialuna,Cookies
848,Farm House
849,Coffee,Granola,Bread
850,Coffee,Spanish Brunch
851,Cake,Bread,Baguette
852,The Nomad,Coffee,Farm House,Coffee
853,Coffee
854,Coffee
855,Cake
856,Pastry,Baguette
857,Coffee,Coffee,Toast
858,Extra Salami or Feta,Coffee
859,Bread,Pastry
860,Scandinavian
861,Pastry,Coffee
862,Coffee,Coffee,Cookies
863,Coffee
864,Farm House
865,Farm House,Cake
866,Coffee,Coffee
867,Coffee
868,Coffee,Bread,Bread,Pastry
869,Bread
870,Toast,Truffles,Bread
871,Bread
872,Jam
873,Coffee,Coffee
874,Coffee
875,Bread
876,Coffee
877,Tea,Coffee,Cake
878,Coffee,Coffee,Brownie
879,Farm House
880,Coffee
881,Sandwich,Coffee
882,Farm House,Pastry
883,Tea,Truffles
884,Bread
885,Bread
886,Hot chocolate
887,Bread,Baguette
888,Bread
889,Bread
890,Scandinavian,Farm House
891,Pastry,Bread
892,Sandwich
893,Bread,Baguette
894,Coffee,Coffee,Hot chocolate,Cake
895,Coffee,Pastry
896,Coffee,Coffee,Pastry,Pastry,Farm House
897,Tea,Coffee,Coffee,Pastry,Scone
898,Coffee,Medialuna
899,Coffee,Bread
900,Hot chocolate
901,Bread
902,Tea,Tea,Pastry,Pastry
903,Bread,Bread
904,Coffee,Coffee,Tea
905,Coffee,Coffee,Hot chocolate,Hot chocolate,Medialuna,Scone,Alfajores,Spanish Brunch
906,Bread
907,Coffee,Coffee,Alfajores,Cookies
908,Sandwich,Sandwich,Coffee,Scone
909,Scone,Coffee,Coffee,Coffee
910,Coffee,Hot chocolate,Farm House
911,Bread,Coffee,Coffee
912,Hot chocolate,Hot chocolate,Coffee,Coffee,Coffee,Cookies,Cookies,Brownie,Pastry,Baguette
913,Coffee,Cake
914,Coffee,Bread,Scone
915,Coffee,Coffee
916,Medialuna
917,Bread
918,Bread,Farm House,Nomad bag
919,Bread,Pastry
920,Toast,Pastry,Tea,Coffee,Coffee
921,Scone,Pastry
922,Cake,Tea,Toast
923,Baguette
924,Bread
925,Tea,Toast
926,Coffee
927,Hot chocolate,Bread,Pastry,Pastry
928,Tea
929,Scandinavian,Pastry,Alfajores
930,Fudge
931,Tea,Tea,Pastry,Toast,Bread,Brownie,Cake
932,Coffee,The Nomad
933,Cookies,Cake
934,Bread
935,Coffee,Bread
936,Coffee,Pastry
937,Cookies,Cookies,Cake
938,Bread
939,Bread
940,Coffee,Pastry
941,Spanish Brunch,Coffee,Coffee,Juice
942,Coffee,Coffee,Bread,Toast
943,Coffee,Coffee,Coffee
944,Bread
945,Cake,Bread,Cookies,Eggs,Juice
946,Coffee
947,Coffee,Tea,Pastry
948,Medialuna,Coffee
949,Coffee,Toast
950,Pastry,Pastry,Pastry,Bread
951,Coffee,Coffee,Pastry,Cookies,Bread
952,Bread
953,Pastry,Medialuna,Baguette
954,Coffee,Scone
955,Bread,Bread
956,Coffee
957,Bread
958,Bread,Coffee,Scone
959,Bread,Baguette,Hot chocolate,Coffee,Toast
960,Coffee
961,Coffee,Coffee,Coffee,Bread,Cake
962,Coffee
963,Coffee,Coffee,Scone,Cake
964,Scone,Bread,Baguette
965,Cake
966,Coffee,Spanish Brunch,Bread
967,Pastry,Brownie
968,Toast
969,Baguette
970,Bread
971,Bread,Pastry
972,Medialuna,Tea
973,Coffee,Tea
974,Bread
975,Scone,Fudge
976,Cake,Chocolates
977,Coffee
978,Bread,Pastry
979,Baguette
980,Bread,Sandwich
981,Sandwich,Tea,Coffee
982,Bread,Baguette
983,Medialuna,Medialuna
984,Scone,Bread,Nomad bag,Coffee
985,Coffee
986,Bread
987,Coffee,Coffee,Pastry
988,Bread
989,Scandinavian,Cake,Bread,Scandinavian
990,Bread,Bread
991,Bread
992,Coffee
993,Bread,Tea
994,Bread,Tea
995,Tea
996,Tea
997,Scandinavian
998,Coffee
999,Bread
1000,Coffee
1001,Coffee,Coffee,Juice,Spanish Brunch,Alfajores
1002,Sandwich
1003,Eggs,Juice,Coffee,Jammie Dodgers
1004,Bread
1005,Pastry,Pastry,Bread
1006,Coffee
1007,Coffee,Medialuna,Bread,Eggs
1008,Bread,Bread,Pastry
1009,Jam
1010,Bread,Tea,Brownie,Jammie Dodgers,Spanish Brunch,Toast,Cake
1011,Bread,Bread,Brownie,Pastry
1012,Bread
1013,Coffee
1014,Coffee,Coffee
1015,Bread,Scandinavian
1016,Bread,Coffee,Coffee
1017,Farm House,Bread,Coffee,Toast
1018,Cake,Cake
1019,Coffee,Bread
1020,Juice,Hot chocolate,Alfajores,Brownie,Vegan mincepie,Vegan mincepie
1021,Pastry,Medialuna,Medialuna
1022,Bread,Tiffin,Cookies,Toast
1023,Coffee,Coffee
1024,Smoothies,Coffee,Bread,Spanish Brunch,Bread
1025,Cake
1026,Coffee,Coffee,Smoothies,Juice,Granola
1027,Coffee,Coffee,Cake,Pastry
1028,Hot chocolate,Hot chocolate,Coffee,Bread,Bread
1029,Bread
1030,Hot chocolate,Brownie
1031,Coffee,Cake
1032,Coffee,Smoothies,Alfajores,Alfajores
1033,Juice,Coffee
1034,Spanish Brunch,Coffee,Tea,Juice
1035,Coffee,Coffee,Tiffin,Medialuna,Brownie,Mineral water
1036,Coffee,Coffee,Coffee,Coffee,Toast
1037,Bread,Coffee,Medialuna,Spanish Brunch,Medialuna
1038,Coffee,Bread,Pastry,Farm House
1039,Eggs
1040,Bread,Coffee
1041,Bread
1042,Coffee,Coke,Toast
1043,Cake,Muffin,Muffin,Muffin
1044,Bread
1045,Bread
1046,Scandinavian
1047,Bread,Bread,Pastry,Medialuna
1048,Bread,Bread
1049,Bread
1050,Baguette,Scandinavian
1051,Cookies,Bread
1052,Coffee,Coffee,Cake,Cake
1053,Bread
1054,Pastry,Coffee,Bread
1055,Pastry,Pastry,Coffee
1056,Scone
1057,Toast,Coffee
1058,Bread,Scone
1059,Bread,Pastry
1060,Tea,Bread,Alfajores,Medialuna,Bread,Jam
1061,Coffee,Brownie,Coffee
1062,Tea
1063,Cookies,Juice,Coffee,Coffee
1064,Scandinavian
1065,Coffee,Coffee,Cookies
1066,Coffee,Coffee,Pastry,Pastry
1067,Coffee,Coffee
1068,Medialuna
1069,Medialuna
1070,Coffee,Coffee,Coffee
1071,Tea,Coffee,Coffee,Coke
1072,Bread,Coffee,Coffee
1073,Coffee,Medialuna,Fudge
1074,Bread
1075,Coffee,Medialuna,Fudge
1076,Coffee
1077,Coffee,Coffee,Scone,Medialuna
1078,Bread
1079,Medialuna
1080,Coffee,Medialuna
1081,Cake,Coffee,Coffee,Juice,Soup
1082,Coffee
1083,Coffee
1084,Tea,Coffee,Medialuna,Art Tray
1085,Coffee
1086,Coffee,Toast,Medialuna,Coffee
1087,Medialuna,Medialuna,Cake,Scone
1088,Farm House,Eggs,Bread,Medialuna
1089,Coffee
1090,Farm House
1091,Bread,Alfajores
1092,Scone,Jammie Dodgers,Cake
1093,Bread,Scone
1094,Bread
1095,Coffee,Coffee,Hot chocolate
1096,Coffee,Hot chocolate,Sandwich,Cake
1097,Alfajores,Pastry,Baguette,Coffee,Coffee
1098,Bread
1099,Coffee,Coffee,Truffles,Alfajores,Scone
1100,Coffee
1101,Bread
1102,Coffee
1103,Coffee,Scone,Bread
1104,Bread
1105,Coffee
1106,Coffee,Coke,Pastry
1107,Farm House,Coffee,Hot chocolate
1108,Bread,Pastry
1109,Scone
1110,Pastry,Coffee
1111,Scone,Bread
1112,Coffee,Juice,Tiffin,Brownie
1113,Alfajores,Scandinavian
1114,Bread
1115,Tea,Juice,Coffee
1116,Pastry,Pastry,Scone,Coffee
1117,Muffin,Scone,Coffee
1118,Bread
1119,Coffee
1120,Bread
1121,Baguette,Scone,Medialuna,Cookies,Scandinavian
1122,Bread,Coffee,Bread
1123,Coffee,Coffee,Pastry,Bread
1124,Baguette
1125,Bread
1126,Bread,Cake,Jammie Dodgers
1127,Bread,Coffee,Sandwich,Extra Salami or Feta
1128,Cake,Brownie,Mineral water,Coffee,Tea,Hot chocolate
1129,Coffee,Coke
1130,Bread
1131,Tea,Coffee
1132,Coffee,Coffee,Coffee,Cookies
1133,Bread
1134,Spanish Brunch,The Nomad,Coffee
1135,Coffee,Muffin
1136,Scone,Coffee
1137,Coffee,Coffee,Bread,Tiffin
1138,Baguette
1139,Farm House
1140,Bread,Medialuna
1141,Coffee,Spanish Brunch
1142,Coffee
1143,Coffee
1144,Bread,Coffee,Pastry,Spanish Brunch
1145,Bread,Scone
1146,Bread,Coffee,Coffee,Toast
1147,Bread
1148,Pastry,Bread,Pastry
1149,Hot chocolate,Cookies,Pastry
1150,Coffee,Coffee,The Nomad
1151,Coffee,Jammie Dodgers,Muffin,Tea
1152,Coffee
1153,Coffee,Brownie
1154,Coffee
1155,Bread,Coffee
1156,Coffee,Coffee,Hot chocolate,Muffin
1157,Bread
1158,Farm House
1159,Coffee,Tiffin
1160,Coffee,Coffee,Toast,Pastry,Scone
1161,Coffee
1162,Jam
1163,Pastry,Cake,Coffee
1164,Soup,Coffee,Juice,Tea
1165,Pastry
1166,Coffee
1167,Jammie Dodgers,Coffee
1168,Medialuna,Medialuna,Coffee
1169,Coffee,Toast
1170,Baguette,Farm House
1171,Medialuna
1172,Cake,Bread
1173,Bread
1174,Coffee,Tea
1175,The Nomad,Coffee,Medialuna
1176,Duck egg,Tea
1177,Coffee,Coffee,Scone,Bread
1178,Scandinavian,Tea,Coffee
1179,Scandinavian,Bread
1180,Chocolates,Coffee,Coke
1181,Coffee,Coffee,Bread
1182,Tea,Tea,Juice
1183,Scone,Pastry,Coffee
1184,Coffee,Coffee
1185,Baguette
1186,Tea,Tea,Spanish Brunch,Fudge,Jam
1187,Coffee,Spanish Brunch,Truffles
1188,Scone,Cake,Scandinavian
1189,Coffee
1190,Sandwich,Coffee
1191,Bread,Farm House
1192,Bread,Toast,Cookies
1193,Bread
1194,Farm House,Coffee,Cookies
1195,Spanish Brunch,Bread,Cake,Medialuna,Coffee,Brownie
1196,Pastry,Coffee,Soup,Sandwich
1197,Muffin
1198,Tea
1199,Tiffin
1200,Bread,Coffee
1201,Bread
1202,Hot chocolate,Bread,Cookies
1203,Coffee,Pastry
1204,Coffee,Pastry
1205,Scone,Bread
1206,Bread
1207,Coffee,Sandwich,Brownie
1208,Coffee,Cake
1209,Scone,Coffee,Coffee,Spanish Brunch
1210,Coffee,Coffee
1211,Bread,Coffee
1212,Coffee,Spanish Brunch
1213,Spanish Brunch,Coffee
1214,Bread
1215,Cake,Muffin,Vegan Feast
1216,Bread,Bread,Brownie
1217,Coffee
1218,Coffee,Sandwich,Sandwich
1219,Hot chocolate,Coffee,Pastry
1220,Coffee,Medialuna
1221,Coffee,Pastry
1222,Coffee,Coffee,Medialuna,Cookies
1223,Bread,Bread,Bread,Pastry
1224,Coffee
1225,Bread,Baguette
1226,Toast,Coffee
1227,Farm House,Cake
1228,Pastry,Bread
1229,Coffee
1230,Coffee,Cookies
1231,Bread,Bread
1232,Coffee,Pastry,Medialuna
1233,Cake,Scone,Scandinavian
1234,Coffee
1235,Coffee
1236,Coffee
1237,Afternoon with the baker
1238,Coffee,Duck egg
1239,Bread
1240,Tea
1241,Toast,Coffee
1242,Bread
1243,Coffee,Toast
1244,Bread,Truffles
1245,Juice,Coffee,Bread,Toast
1246,Coffee
1247,Tea
1248,Coffee,Tiffin,Scone,Bread
1249,Coffee,Brownie
1250,Jam
1251,Mineral water,Scone
1252,Mineral water
1253,Coffee
1254,Coffee
1255,Coffee,Tiffin
1256,Spanish Brunch,Scone,Coffee,Bread
1257,Coffee,Medialuna
1258,Bread
1259,Tea
1260,Bread
1261,Coffee,Coffee,Cake
1262,Tea
1263,Coffee,Coffee,Medialuna,Tiffin
1264,Coffee,Bread,Bread
1265,Bread,Medialuna
1266,Coffee
1267,Tea,Tea,Scone
1268,Hot chocolate,Tea,Bread,Cake
1269,Bread,Spanish Brunch
1270,Bread
1271,Spanish Brunch,Truffles,Juice,Coffee,Tiffin
1272,Coffee
1273,Bread,Bread
1274,Bread
1275,Coffee
1276,Coffee,Baguette
1277,Coffee,Toast
1278,Juice,Coffee,Bread,Spanish Brunch
1279,Farm House
1280,Bread,Cake,Pastry
1281,Coffee
1282,Bread,Pastry
1283,Farm House,Cookies
1284,Pastry
1285,Baguette,Farm House
1286,Jammie Dodgers,Tea
1287,Bread,Scandinavian
1288,Bread,Pastry
1289,Coffee,Muffin
1290,Scandinavian,Baguette,Muffin,Cake
1291,Pastry,Jammie Dodgers,Cookies
1292,Bread,Hot chocolate,Hot chocolate,Drinking chocolate spoons,Muffin,Pastry
1293,Scandinavian
1294,Bread,Bread
1295,Coffee,Cake
1296,Bread
1297,Bread,Pastry,Pastry
1298,Bread
1299,Bread
1300,Coffee
1301,Spanish Brunch,Coffee
1302,Coffee,Juice,Jammie Dodgers,Cookies
1303,Muffin,Pastry,Bread
1304,Coffee
1305,Coffee,Juice,Pastry
1306,Hot chocolate,Coffee,Bread,Scandinavian,Cookies
1307,Tiffin,Coffee,Bread
1308,Coffee,Coffee,Pastry
1309,Coffee,Bread,Cake
1310,Farm House,Coffee granules
1311,Coffee,Bread,Muffin
1312,Bread
1313,Coffee,Muffin,Cake,Pastry,Spanish Brunch,Smoothies
1314,Duck egg,Spanish Brunch,Coffee
1315,Scandinavian
1316,Cookies,Muffin,Pastry
1317,Muffin,Juice,Smoothies
1318,Bread,Cake
1319,Coffee
1320,Medialuna,Bread
1321,Bread,Jam
1322,Coffee,Medialuna
1323,Coffee,Medialuna
1324,Medialuna,Coffee
1325,Pastry
1326,Medialuna,Coffee
1327,Coffee,Sandwich,Sandwich,Medialuna
1328,Medialuna,Bread,Cake,Muffin,Granola,Sandwich,Coffee,Hot chocolate,Tea
1329,Muffin
1330,Jam,Bread
1331,Coffee
1332,Bread,Cake,Spanish Brunch
1333,Spanish Brunch,Juice,Coffee
1334,Bread
1335,Bread,Bread
1336,Pastry,Pastry
1337,Coffee
1338,Coffee,Bread,Coffee,Pastry
1339,Muffin,Cake,Coffee,Tea
1340,Bread,Baguette
1341,Coffee,Coffee,Spanish Brunch,Extra Salami or Feta,Toast
1342,Coffee,Coffee,Cake
1343,Bread
1344,Coffee,Coffee,Sandwich,Pastry
1345,Bread
1346,Coffee
1347,Coffee
1348,Bread
1349,Sandwich,Bread,Cake,Cake
1350,Farm House,Bread,Cake
1351,Bread
1352,Bread,Cookies
1353,Scone,Toast,Coffee,Coke
1354,Coffee,Bread,Cookies,Brownie
1355,Juice
1356,Farm House
1357,Scone,Bread
1358,Bread
1359,Pastry
1360,Coffee,Coffee
1361,Bread,Alfajores,Tiffin
1362,Bread
1363,Coffee,Scone
1364,Coffee granules
1365,Bread,Sandwich,Brownie,Cookies,Bread
1366,Coffee,Cookies
1367,Pastry,Coffee
1368,Coffee
1369,Bread,Cookies,Cake
1370,Bread,Coffee,Truffles
1371,Coffee,Coffee
1372,Coffee,Juice,Toast
1373,Bread,Bread
1374,Baguette,Coffee,Truffles,Medialuna,Alfajores,Juice
1375,Coffee,Cookies
1376,Coffee,The Nomad
1377,Bread,Baguette
1378,Bread
1379,Granola,Coffee
1380,Tea,Granola
1381,Bread
1382,Hot chocolate,Bread,Tiffin
1383,Bread
1384,Coffee
1385,Coffee
1386,Coffee
1387,Coffee,Coffee,Cake,Cookies
1388,Hot chocolate,Coffee,Cake
1389,Coffee,Pastry
1390,Muffin,Coffee,Coffee
1391,Bread,Coffee,Coffee
1392,Coffee,Coffee,Coffee
1393,Coffee,Coffee,Medialuna
1394,Bread
1395,Tea,Coffee,Cookies
1396,Coffee,Bread
1397,Bread
1398,Coffee
1399,Cake,Brownie
1400,Bread,Farm House
1401,Pastry,Cake
1402,Bread,Pastry
1403,Farm House
1404,Bread
1405,Bread,Coffee
1406,Argentina Night
1407,Argentina Night
1408,Bread
1409,Pastry,Alfajores
1410,Cake,Hot chocolate,Coffee
1411,Bread
1412,Bread,Pastry,Honey
1413,Salad,Extra Salami or Feta,Coffee,Bread
1414,Coffee,Muffin,Baguette
1415,Bread
1416,Pastry
1417,Farm House,Farm House
1418,Bread,Baguette,Scandinavian
1419,Coffee,Muffin,Bread
1420,Bread,Bread
1421,Cake,Alfajores,Coffee
1422,Coffee,Muffin
1423,Bread
1424,Coffee,Juice
1425,Coffee,Spanish Brunch,The Nomad,Brownie,Cookies
1426,Pastry,Coffee
1427,Bread,Coffee,Sandwich,Spanish Brunch,Bread
1428,Bread
1429,Tea,Granola,Afternoon with the baker,Argentina Night
1430,Afternoon with the baker,Argentina Night,Tea
1431,Truffles,Coffee,The Nomad
1432,Baguette
1433,Pastry
1434,Coffee
1435,Coffee,Scone,Alfajores
1436,Coffee,Truffles,Pastry
1437,Baguette,Scandinavian,Cake,Christmas common
1438,Coffee,Tacos/Fajita,Cake
1439,Bread,Coffee,Cookies,Scone
1440,Coffee
1441,Coffee,Tea,Smoothies,Spanish Brunch,The Nomad
1442,Hot chocolate,Coffee,Cake,Medialuna
1443,Coffee,Pastry,Bread
1444,Pastry,Coffee
1445,Baguette
1446,Coffee,Cake
1447,Hot chocolate,Half slice Monster,My-5 Fruit Shoot
1448,Tea
1449,Coffee,Toast
1450,Coffee
1451,Coffee,Spanish Brunch,Extra Salami or Feta
1452,Tea,Juice,Cake
1453,Bread
1454,Coffee,Coffee,Bread
1455,Coffee,Juice,Spanish Brunch
